Model,R2_Score,RMSE,MAE
Random Forest,0.9410338497853067,633713.5412978937,434459.7651836763
XGBoost,0.933156296980226,674717.307472716,483316.1013933786
Gradient Boosting,0.9640720754457135,494660.9931485611,331087.12576390244
Ridge Regression,0.9994148045470775,63130.91320144285,46227.15964598
