,precision,recall,f1-score,support
Critical (<-20%),0.9375,0.9375,0.9375,32.0
Severe (-20..-10%),0.42857142857142855,0.3333333333333333,0.375,9.0
Moderate (-10..0%),0.5833333333333334,0.5833333333333334,0.5833333333333334,12.0
Stable (0..10%),0.6,0.8571428571428571,0.7058823529411764,7.0
Resilient (>10%),1.0,0.975,0.9873417721518987,40.0
accuracy,0.85,0.85,0.85,0.85
macro avg,0.7098809523809524,0.7372619047619048,0.7178114916852817,100.0
weighted avg,0.8505714285714285,0.85,0.8480984735666418,100.0
